"time","num_instructions","location","block","condition","success","participant_id"
7.25582510000004,2,"8",1,"auditory","success",69
6.03128659999993,2,"4",1,"auditory","success",69
7.05646649999994,3,"9",1,"auditory","success",69
8.91898220000007,3,"3",1,"auditory","success",69
5.92361210000013,2,"2",1,"auditory","success",69
6.54385959999991,3,"7",1,"auditory","success",69
5.00071860000003,2,"6",1,"auditory","success",69
6.87722150000013,3,"1",1,"auditory","success",69
5.74258290000012,3,"7",1,"tactile","success",69
6.18323150000015,3,"1",1,"tactile","success",69
7.08653090000007,3,"3",1,"tactile","success",69
4.94376310000007,2,"4",1,"tactile","success",69
5.22055640000008,2,"2",1,"tactile","success",69
3.9114904999999,2,"8",1,"tactile","success",69
4.5950421,2,"6",1,"tactile","success",69
5.73769130000005,3,"9",1,"tactile","success",69
6.31920420000006,3,"3",2,"auditory","success",69
4.20485069999995,2,"2",2,"auditory","success",69
3.32687279999982,2,"8",2,"auditory","success",69
3.72638129999996,2,"6",2,"auditory","success",69
3.22249549999992,2,"4",2,"auditory","success",69
5.54393709999999,3,"1",2,"auditory","success",69
4.96388030000003,3,"9",2,"auditory","success",69
5.1900455,3,"7",2,"auditory","success",69
3.66726539999991,2,"8",2,"tactile","success",69
5.1758811000002,3,"7",2,"tactile","success",69
6.51945979999982,3,"1",2,"tactile","success",69
3.67984109999998,2,"4",2,"tactile","success",69
6.37511539999991,3,"3",2,"tactile","success",69
5.09295380000003,3,"9",2,"tactile","success",69
7.95768679999992,4,"6",2,"tactile","success",69
4.13182400000005,2,"2",2,"tactile","success",69
4.05341519999979,2,"2",3,"auditory","success",69
2.79294269999991,2,"8",3,"auditory","success",69
5.0195491999998,3,"7",3,"auditory","success",69
5.85243390000005,3,"1",3,"auditory","success",69
3.38505830000008,2,"6",3,"auditory","success",69
4.01773649999996,2,"4",3,"auditory","success",69
4.81849499999998,3,"9",3,"auditory","success",69
5.1989751000001,3,"3",3,"auditory","success",69
4.68815229999996,3,"9",3,"tactile","success",69
3.62604139999985,2,"4",3,"tactile","success",69
3.39555700000005,2,"6",3,"tactile","success",69
4.90905999999995,3,"1",3,"tactile","success",69
5.6642283000001,3,"3",3,"tactile","success",69
4.2281046999999,3,"7",3,"tactile","success",69
3.73067140000012,2,"2",3,"tactile","success",69
2.92507050000017,2,"8",3,"tactile","success",69
10.9843738,2,"8",1,"auditory","success",309
12.3550793999998,3,"4",1,"auditory","success",309
14.2628388999999,3,"9",1,"auditory","success",309
0.248310400000037,1,"2",1,"auditory","success",309
17.7040848000001,3,"3",1,"auditory","success",309
10.0020205999999,3,"6",1,"auditory","success",309
15.0401402,3,"7",1,"auditory","exFail",309
16.5019205999999,3,"1",1,"auditory","success",309
10.6212333999999,3,"rep_7",1,"auditory","success",309
11.8757985,3,"9",1,"tactile","success",309
9.18648680000001,2,"4",1,"tactile","success",309
11.6877827999999,3,"3",1,"tactile","success",309
7.13231900000005,2,"6",1,"tactile","success",309
13.3303502000001,3,"1",1,"tactile","success",309
6.13341680000008,2,"8",1,"tactile","success",309
8.29828620000012,2,"2",1,"tactile","success",309
8.95538540000007,3,"7",1,"tactile","success",309
7.277738,2,"2",2,"auditory","success",309
6.40203159999987,2,"6",2,"auditory","success",309
8.23896739999986,3,"9",2,"auditory","success",309
9.29566499999987,3,"3",2,"auditory","success",309
6.40602790000003,2,"4",2,"auditory","success",309
4.65637050000009,2,"8",2,"auditory","success",309
1.55260229999999,1,"1",2,"auditory","exFail",309
7.87454400000001,3,"7",2,"auditory","success",309
8.51657769999997,3,"rep_1",2,"auditory","success",309
6.7182307999999,2,"2",2,"tactile","success",309
6.82140839999988,3,"7",2,"tactile","success",309
5.34787039999992,2,"4",2,"tactile","success",309
8.15628900000002,3,"1",2,"tactile","success",309
4.63011849999998,2,"8",2,"tactile","success",309
4.81386179999981,2,"6",2,"tactile","success",309
7.10390869999992,3,"3",2,"tactile","success",309
5.8494584,3,"9",2,"tactile","success",309
5.64800309999987,2,"2",3,"auditory","success",309
7.06423949999999,3,"3",3,"auditory","success",309
5.5900967,3,"9",3,"auditory","success",309
3.87552499999993,2,"8",3,"auditory","success",309
5.14631750000012,2,"4",3,"auditory","success",309
6.52885270000002,3,"1",3,"auditory","success",309
4.65210349999984,2,"6",3,"auditory","success",309
6.53942339999981,3,"7",3,"auditory","success",309
6.45304060000012,3,"9",3,"tactile","success",309
4.72065350000003,2,"4",3,"tactile","success",309
6.88813449999998,3,"1",3,"tactile","success",309
5.68232409999996,3,"7",3,"tactile","success",309
4.87371210000015,2,"2",3,"tactile","success",309
3.97506020000014,2,"6",3,"tactile","success",309
1.23218689999999,1,"3",3,"tactile","exFail",309
3.59334520000016,2,"8",3,"tactile","success",309
5.78618419999998,3,"rep_3",3,"tactile","success",309
11.9527404,3,"7",1,"tactile","success",718
8.73453979999999,3,"6",1,"tactile","success",718
5.58130640000013,2,"8",1,"tactile","success",718
4.80747500000007,2,"2",1,"tactile","success",718
5.80770219999999,3,"1",1,"tactile","success",718
5.77363859999991,2,"4",1,"tactile","success",718
5.04685200000017,3,"3",1,"tactile","success",718
3.98997730000019,3,"9",1,"tactile","success",718
5.57270010000002,3,"9",1,"auditory","success",718
6.4319622999999,3,"3",1,"auditory","success",718
5.32011710000006,3,"7",1,"auditory","success",718
5.0697161999999,2,"6",1,"auditory","success",718
4.44002510000018,2,"8",1,"auditory","success",718
4.60226690000013,2,"2",1,"auditory","success",718
4.82574849999992,2,"4",1,"auditory","success",718
5.50040839999997,3,"1",1,"auditory","success",718
3.52819580000005,2,"8",2,"tactile","success",718
4.93635810000001,3,"3",2,"tactile","success",718
4.29998100000012,3,"9",2,"tactile","success",718
4.38775959999998,2,"2",2,"tactile","success",718
5.00055399999997,3,"1",2,"tactile","success",718
4.4070157000001,3,"7",2,"tactile","success",718
3.98671960000001,2,"4",2,"tactile","success",718
3.95486439999991,2,"6",2,"tactile","success",718
4.69774610000013,3,"3",2,"auditory","success",718
4.58640459999992,2,"4",2,"auditory","success",718
5.04180940000015,3,"7",2,"auditory","success",718
3.72642980000001,2,"6",2,"auditory","success",718
3.08000779999998,2,"8",2,"auditory","success",718
5.31827980000003,3,"1",2,"auditory","success",718
3.50350719999983,2,"2",2,"auditory","success",718
4.36403710000013,3,"9",2,"auditory","success",718
3.59428959999991,2,"4",3,"tactile","success",718
5.07936910000012,3,"3",3,"tactile","success",718
4.61136669999996,3,"1",3,"tactile","success",718
2.7846133999999,2,"8",3,"tactile","success",718
2.80022740000004,2,"6",3,"tactile","success",718
4.33648339999991,3,"9",3,"tactile","success",718
4.06279519999998,3,"7",3,"tactile","success",718
3.33282520000012,2,"2",3,"tactile","success",718
3.32982990000005,2,"4",3,"auditory","success",718
0.828371300000072,2,"3",3,"auditory","exFail",718
4.99867270000004,3,"1",3,"auditory","success",718
3.45487559999992,2,"2",3,"auditory","success",718
2.99112530000002,2,"6",3,"auditory","success",718
4.39692839999998,3,"9",3,"auditory","success",718
3.48428230000013,2,"8",3,"auditory","success",718
4.30231249999997,3,"7",3,"auditory","success",718
4.77705619999983,3,"rep_3",3,"auditory","success",718
12.3084666,3,"7",1,"tactile","success",1494
8.88114960000007,2,"6",1,"tactile","success",1494
8.91163119999987,3,"9",1,"tactile","success",1494
10.2163912000001,3,"1",1,"tactile","success",1494
6.98928699999988,2,"2",1,"tactile","success",1494
6.87038320000011,3,"3",1,"tactile","success",1494
5.40639429999987,2,"4",1,"tactile","success",1494
4.31067510000003,2,"8",1,"tactile","success",1494
5.03033090000008,2,"2",1,"auditory","success",1494
7.90975510000021,4,"1",1,"auditory","success",1494
5.97290100000009,3,"9",1,"auditory","success",1494
6.31492879999996,3,"3",1,"auditory","success",1494
3.88249849999988,2,"8",1,"auditory","success",1494
3.40982929999996,2,"6",1,"auditory","success",1494
3.98317339999994,2,"4",1,"auditory","success",1494
5.95852279999986,4,"7",1,"auditory","success",1494
4.1123884000001,2,"8",2,"tactile","success",1494
4.71318350000001,3,"7",2,"tactile","success",1494
4.21535180000001,2,"6",2,"tactile","success",1494
5.13562109999998,3,"1",2,"tactile","success",1494
5.02344930000004,3,"9",2,"tactile","success",1494
3.65322880000008,2,"4",2,"tactile","success",1494
6.16909149999992,3,"3",2,"tactile","success",1494
5.25675320000005,2,"2",2,"tactile","success",1494
5.52262240000005,3,"3",2,"auditory","success",1494
4.01057880000008,2,"6",2,"auditory","success",1494
4.73095770000009,2,"2",2,"auditory","success",1494
3.35701470000004,2,"8",2,"auditory","success",1494
6.22094760000004,4,"7",2,"auditory","success",1494
5.30382860000009,3,"1",2,"auditory","success",1494
3.33918000000017,2,"4",2,"auditory","success",1494
4.61671230000002,3,"9",2,"auditory","success",1494
5.63296490000016,3,"1",3,"tactile","success",1494
3.42593850000003,2,"4",3,"tactile","success",1494
3.55239089999986,2,"8",3,"tactile","success",1494
4.80002659999991,3,"3",3,"tactile","success",1494
4.04375200000004,2,"2",3,"tactile","success",1494
11.6103809000001,5,"7",3,"tactile","success",1494
4.56121639999992,3,"9",3,"tactile","success",1494
3.73144700000012,2,"6",3,"tactile","success",1494
3.88868709999997,2,"4",3,"auditory","success",1494
5.2240647000001,3,"3",3,"auditory","success",1494
3.89659869999991,2,"6",3,"auditory","success",1494
4.52290730000004,3,"9",3,"auditory","success",1494
4.3771306000001,2,"2",3,"auditory","success",1494
5.9597495999999,4,"1",3,"auditory","success",1494
5.34185619999994,4,"7",3,"auditory","success",1494
3.2179063000001,2,"8",3,"auditory","success",1494
7.02321619999998,2,"8",1,"auditory","exFail",1720
5.14176330000009,3,"9",1,"auditory","success",1720
6.36861299999998,3,"1",1,"auditory","success",1720
5.43135230000007,3,"3",1,"auditory","success",1720
3.27069280000001,2,"4",1,"auditory","success",1720
3.14517939999996,2,"2",1,"auditory","success",1720
3.75324609999996,3,"7",1,"auditory","success",1720
3.20083169999998,2,"6",1,"auditory","success",1720
3.71073409999997,2,"rep_8",1,"auditory","success",1720
3.80084710000006,3,"7",1,"tactile","success",1720
4.48427049999998,3,"9",1,"tactile","success",1720
4.13185620000002,2,"2",1,"tactile","success",1720
3.01270959999999,2,"4",1,"tactile","success",1720
7.87567239999998,4,"6",1,"tactile","success",1720
2.97103549999997,2,"8",1,"tactile","success",1720
5.86697029999993,3,"1",1,"tactile","success",1720
5.84064249999994,3,"3",1,"tactile","success",1720
4.19171579999988,3,"3",2,"auditory","success",1720
2.84897550000005,2,"2",2,"auditory","success",1720
3.46279099999992,3,"9",2,"auditory","success",1720
2.87571479999997,2,"4",2,"auditory","success",1720
2.39068650000013,2,"8",2,"auditory","success",1720
2.47991319999983,2,"6",2,"auditory","success",1720
3.4563748999999,3,"7",2,"auditory","success",1720
3.44925680000006,3,"1",2,"auditory","success",1720
2.7500308000001,2,"2",2,"tactile","success",1720
2.75132730000018,2,"6",2,"tactile","success",1720
4.27580149999994,3,"9",2,"tactile","success",1720
2.99111020000009,2,"4",2,"tactile","success",1720
20,5,"1",2,"tactile","fail",1720
4.29030419999981,2,"8",2,"tactile","exFail",1720
5.02081249999992,3,"3",2,"tactile","success",1720
7.40641830000004,3,"7",2,"tactile","success",1720
2.5713930999998,2,"rep_8",2,"tactile","success",1720
3.42004100000008,3,"7",3,"auditory","success",1720
3.0228439,2,"6",3,"auditory","success",1720
2.40497720000008,2,"2",3,"auditory","success",1720
2.41028370000004,2,"8",3,"auditory","success",1720
3.34794289999991,3,"9",3,"auditory","success",1720
2.85325810000018,2,"4",3,"auditory","success",1720
3.82761920000007,3,"1",3,"auditory","success",1720
3.72035529999994,3,"3",3,"auditory","success",1720
3.97018279999998,3,"9",3,"tactile","success",1720
2.86441119999995,2,"4",3,"tactile","success",1720
3.51150179999991,2,"2",3,"tactile","success",1720
4.46835140000007,3,"3",3,"tactile","success",1720
2.72470090000002,2,"8",3,"tactile","success",1720
2.92741290000004,2,"6",3,"tactile","success",1720
3.19903789999989,3,"7",3,"tactile","success",1720
4.88871199999994,3,"1",3,"tactile","success",1720
10.660093,4,"1",1,"auditory","success",1893
5.62813470000015,2,"2",1,"auditory","success",1893
9.92694030000007,3,"7",1,"auditory","exFail",1893
10.1785503999999,3,"9",1,"auditory","success",1893
5.90589890000001,2,"8",1,"auditory","success",1893
6.02183649999984,2,"4",1,"auditory","success",1893
8.99881460000006,3,"3",1,"auditory","success",1893
5.82221249999998,2,"6",1,"auditory","success",1893
5.81853890000002,3,"rep_7",1,"auditory","success",1893
8.20437530000004,3,"7",1,"tactile","success",1893
5.93023840000001,2,"6",1,"tactile","success",1893
5.44275089999996,2,"8",1,"tactile","success",1893
7.06383720000008,2,"2",1,"tactile","success",1893
4.74275509999984,2,"4",1,"tactile","success",1893
7.1409106000001,3,"9",1,"tactile","success",1893
6.39359249999984,3,"1",1,"tactile","success",1893
6.22210969999992,3,"3",1,"tactile","success",1893
7.51556609999989,4,"7",2,"auditory","success",1893
6.64791849999983,3,"1",2,"auditory","success",1893
7.02881170000001,3,"3",2,"auditory","success",1893
4.50922179999998,2,"4",2,"auditory","success",1893
5.47139250000009,2,"2",2,"auditory","success",1893
4.84732949999989,2,"6",2,"auditory","success",1893
4.16825470000003,2,"8",2,"auditory","success",1893
6.03982780000001,3,"9",2,"auditory","success",1893
5.30730040000003,3,"9",2,"tactile","success",1893
8.08076060000008,3,"3",2,"tactile","success",1893
4.9082343,2,"4",2,"tactile","success",1893
6.16222279999988,3,"1",2,"tactile","success",1893
3.87662829999999,2,"8",2,"tactile","success",1893
4.8502003000001,2,"2",2,"tactile","success",1893
4.334337,2,"6",2,"tactile","success",1893
4.49476729999992,3,"7",2,"tactile","success",1893
5.87473230000001,2,"2",3,"auditory","success",1893
4.9880490999999,2,"4",3,"auditory","success",1893
4.68081470000016,2,"6",3,"auditory","success",1893
6.36077669999986,3,"7",3,"auditory","success",1893
6.58592050000016,3,"9",3,"auditory","success",1893
7.1440305000001,3,"1",3,"auditory","success",1893
4.92350859999988,2,"8",3,"auditory","success",1893
7.14132500000005,3,"3",3,"auditory","success",1893
5.94183190000012,3,"9",3,"tactile","success",1893
4.35517179999988,2,"8",3,"tactile","success",1893
4.82793089999996,3,"7",3,"tactile","success",1893
14.3096107000001,4,"4",3,"tactile","success",1893
4.87356339999997,2,"6",3,"tactile","success",1893
4.89312109999992,2,"2",3,"tactile","success",1893
6.15276270000004,3,"1",3,"tactile","success",1893
6.20117140000002,3,"3",3,"tactile","success",1893
10.1234047999999,2,"4",1,"auditory","success",2441
11.1345669,3,"7",1,"auditory","success",2441
7.59317900000019,2,"6",1,"auditory","success",2441
5.77459490000001,2,"8",1,"auditory","success",2441
10.6554101000002,3,"3",1,"auditory","success",2441
8.92802280000001,3,"1",1,"auditory","success",2441
5.97581790000004,2,"2",1,"auditory","success",2441
7.25718420000021,3,"9",1,"auditory","success",2441
7.27842659999988,2,"4",1,"tactile","success",2441
6.73925089999989,3,"9",1,"tactile","success",2441
8.58129970000005,2,"2",1,"tactile","success",2441
9.3000677,3,"7",1,"tactile","success",2441
4.5507606000001,2,"8",1,"tactile","success",2441
8.91242690000013,3,"3",1,"tactile","success",2441
8.92507610000007,3,"1",1,"tactile","success",2441
5.18754830000012,2,"6",1,"tactile","success",2441
6.10945600000014,2,"4",2,"auditory","success",2441
7.73959809999997,3,"7",2,"auditory","success",2441
5.19110709999995,2,"6",2,"auditory","success",2441
6.59818580000001,2,"2",2,"auditory","success",2441
8.74748909999994,3,"1",2,"auditory","success",2441
6.61866759999998,3,"9",2,"auditory","success",2441
4.88703630000009,2,"8",2,"auditory","success",2441
8.0503604999999,3,"3",2,"auditory","success",2441
6.83116199999995,3,"9",2,"tactile","success",2441
7.62265649999995,3,"1",2,"tactile","success",2441
5.23391300000003,2,"6",2,"tactile","success",2441
4.63417950000007,2,"8",2,"tactile","success",2441
5.15238810000005,2,"4",2,"tactile","success",2441
8.0205334000002,3,"3",2,"tactile","success",2441
6.66990399999986,3,"7",2,"tactile","success",2441
6.37438040000006,2,"2",2,"tactile","success",2441
6.13366719999999,2,"6",3,"auditory","success",2441
4.52601860000004,2,"8",3,"auditory","success",2441
8.53529279999998,3,"1",3,"auditory","success",2441
7.58321109999997,3,"3",3,"auditory","success",2441
6.86819760000003,3,"9",3,"auditory","success",2441
6.39232419999985,2,"2",3,"auditory","success",2441
6.8907478000001,3,"7",3,"auditory","success",2441
5.39230240000006,2,"4",3,"auditory","success",2441
6.39440730000001,3,"9",3,"tactile","success",2441
4.95755689999987,2,"6",3,"tactile","success",2441
5.71036159999994,2,"4",3,"tactile","success",2441
13.0427843,4,"2",3,"tactile","success",2441
8.32243489999996,3,"1",3,"tactile","success",2441
4.78914780000014,2,"8",3,"tactile","success",2441
9.39195270000005,3,"3",3,"tactile","success",2441
20,7,"7",3,"tactile","fail",2441
11.3944489,3,"7",1,"tactile","success",3097
5.61097319999999,2,"8",1,"tactile","success",3097
8.52853829999981,2,"2",1,"tactile","success",3097
9.72734760000003,3,"1",1,"tactile","success",3097
5.00253619999989,2,"6",1,"tactile","success",3097
9.30137070000001,3,"9",1,"tactile","fail",3097
4.5121481000001,2,"4",1,"tactile","success",3097
8.68831389999991,4,"3",1,"tactile","success",3097
6.95428270000002,3,"3",1,"auditory","success",3097
4.7943166,2,"4",1,"auditory","success",3097
3.61027790000003,2,"6",1,"auditory","success",3097
4.7949328000002,3,"9",1,"auditory","success",3097
4.85843769999997,3,"1",1,"auditory","success",3097
4.2361284000001,2,"2",1,"auditory","success",3097
4.97944869999992,3,"7",1,"auditory","success",3097
3.32972560000007,2,"8",1,"auditory","success",3097
3.77271029999997,2,"6",2,"tactile","success",3097
3.70373960000006,2,"8",2,"tactile","success",3097
3.33294449999994,2,"4",2,"tactile","success",3097
5.15872039999999,3,"3",2,"tactile","success",3097
4.21880349999992,3,"9",2,"tactile","success",3097
5.0890002000001,3,"1",2,"tactile","success",3097
5.62664580000001,2,"2",2,"tactile","success",3097
4.6537080999999,3,"7",2,"tactile","success",3097
5.73712180000007,3,"9",2,"auditory","success",3097
4.49475789999997,2,"2",2,"auditory","success",3097
3.88118699999995,2,"6",2,"auditory","success",3097
4.59666149999998,3,"7",2,"auditory","success",3097
5.01022330000001,3,"3",2,"auditory","success",3097
4.22247709999988,2,"4",2,"auditory","success",3097
3.10177920000001,2,"8",2,"auditory","success",3097
4.69075350000003,3,"1",2,"auditory","success",3097
3.01686109999991,2,"8",3,"tactile","success",3097
6.71203059999993,3,"1",3,"tactile","success",3097
4.36515230000009,2,"2",3,"tactile","success",3097
4.54216219999989,3,"7",3,"tactile","success",3097
4.75421970000002,3,"3",3,"tactile","success",3097
3.48902359999965,2,"4",3,"tactile","success",3097
3.55477379999957,2,"6",3,"tactile","success",3097
4.70992149999984,3,"9",3,"tactile","success",3097
4.50013910000007,3,"3",3,"auditory","success",3097
3.48600940000006,2,"6",3,"auditory","success",3097
2.8593237,2,"8",3,"auditory","success",3097
4.43373470000006,3,"1",3,"auditory","success",3097
4.10696680000001,2,"2",3,"auditory","success",3097
4.07181780000019,3,"7",3,"auditory","success",3097
4.14122369999995,3,"9",3,"auditory","success",3097
3.22863199999983,2,"4",3,"auditory","success",3097
10.5318182999999,3,"7",1,"tactile","success",3415
5.88076649999994,2,"8",1,"tactile","success",3415
8.78247800000008,3,"3",1,"tactile","success",3415
6.08167920000005,2,"4",1,"tactile","success",3415
6.81019430000015,2,"2",1,"tactile","success",3415
6.79454450000003,3,"9",1,"tactile","success",3415
7.15392569999995,3,"1",1,"tactile","exFail",3415
4.81930839999995,2,"6",1,"tactile","success",3415
7.4839872,3,"rep_1",1,"tactile","success",3415
6.0907109000002,2,"2",1,"auditory","success",3415
4.88523149999992,2,"4",1,"auditory","success",3415
6.05062229999999,2,"6",1,"auditory","fail",3415
8.73864780000008,3,"3",1,"auditory","exFail",3415
7.0335877,3,"7",1,"auditory","success",3415
7.87600929999985,3,"9",1,"auditory","success",3415
9.67504550000012,4,"1",1,"auditory","success",3415
5.03387109999994,2,"8",1,"auditory","success",3415
7.60473330000013,3,"rep_3",1,"auditory","success",3415
6.8312962,3,"9",2,"tactile","success",3415
6.19070959999999,2,"2",2,"tactile","success",3415
6.22556359999999,3,"7",2,"tactile","success",3415
4.73662659999991,2,"8",2,"tactile","success",3415
5.12619050000012,2,"6",2,"tactile","success",3415
4.97282129999985,2,"4",2,"tactile","success",3415
7.76421120000009,3,"3",2,"tactile","success",3415
7.4708349,3,"1",2,"tactile","success",3415
5.51215789999992,2,"8",2,"auditory","success",3415
8.44327750000002,3,"1",2,"auditory","success",3415
7.89197100000001,3,"7",2,"auditory","success",3415
5.58611909999991,2,"4",2,"auditory","success",3415
5.95934390000002,2,"6",2,"auditory","success",3415
1.42208219999998,1,"9",2,"auditory","exFail",3415
6.4798274000002,2,"2",2,"auditory","success",3415
8.81907589999992,3,"3",2,"auditory","success",3415
1.54836550000005,1,"rep_9",2,"auditory","exFail",3415
9.31869749999987,3,"rep_9",2,"auditory","success",3415
5.02181180000002,2,"4",3,"tactile","success",3415
4.7784666,2,"8",3,"tactile","success",3415
6.81966680000005,3,"9",3,"tactile","success",3415
7.69549749999987,3,"1",3,"tactile","success",3415
6.59872429999996,2,"2",3,"tactile","success",3415
7.97631249999995,3,"3",3,"tactile","success",3415
6.71679210000002,3,"7",3,"tactile","success",3415
4.82126130000006,2,"6",3,"tactile","success",3415
5.14778019999994,2,"8",3,"auditory","success",3415
5.9641830999999,2,"2",3,"auditory","success",3415
8.19070620000002,3,"1",3,"auditory","success",3415
7.70035200000007,3,"7",3,"auditory","success",3415
5.50253139999995,2,"6",3,"auditory","success",3415
7.0001572000001,3,"9",3,"auditory","success",3415
7.87275749999981,3,"3",3,"auditory","success",3415
5.08599490000006,2,"4",3,"auditory","success",3415
14.6181889,3,"1",1,"tactile","success",3545
10.3210778999999,2,"8",1,"tactile","success",3545
12.9389294,3,"7",1,"tactile","success",3545
7.80865820000008,2,"6",1,"tactile","success",3545
9.15287119999994,2,"2",1,"tactile","success",3545
9.95435889999999,2,"4",1,"tactile","success",3545
10.0959428000001,3,"3",1,"tactile","success",3545
8.48516159999986,3,"9",1,"tactile","success",3545
7.11653000000001,2,"2",1,"auditory","success",3545
9.3428801,3,"3",1,"auditory","success",3545
10.4701745999998,3,"1",1,"auditory","success",3545
10.6542279999999,3,"7",1,"auditory","exFail",3545
6.60050090000004,2,"8",1,"auditory","success",3545
7.97375220000004,2,"4",1,"auditory","success",3545
8.79318060000014,3,"9",1,"auditory","success",3545
5.9410312,2,"6",1,"auditory","success",3545
7.10977890000004,3,"rep_7",1,"auditory","success",3545
7.16768970000021,3,"1",2,"tactile","success",3545
8.5445193999999,3,"9",2,"tactile","success",3545
5.77785259999996,2,"4",2,"tactile","success",3545
6.44264520000002,3,"7",2,"tactile","success",3545
4.51585670000009,2,"8",2,"tactile","success",3545
6.36811360000002,2,"2",2,"tactile","success",3545
9.7649464000001,4,"3",2,"tactile","success",3545
4.5072811,2,"6",2,"tactile","success",3545
5.01830020000011,2,"8",2,"auditory","success",3545
7.10513220000007,3,"9",2,"auditory","success",3545
4.68170710000004,2,"2",2,"auditory","success",3545
6.80843980000009,3,"3",2,"auditory","success",3545
4.0329749,2,"6",2,"auditory","success",3545
7.68450589999998,3,"1",2,"auditory","success",3545
6.3636383999999,3,"7",2,"auditory","success",3545
4.60507589999997,2,"4",2,"auditory","success",3545
4.36051300000008,2,"4",3,"tactile","success",3545
5.1134012,3,"9",3,"tactile","success",3545
4.29376180000008,2,"8",3,"tactile","success",3545
4.89515299999994,2,"6",3,"tactile","success",3545
6.35514089999992,3,"3",3,"tactile","success",3545
6.42245259999981,3,"7",3,"tactile","success",3545
5.84039690000009,3,"1",3,"tactile","success",3545
5.62679909999997,2,"2",3,"tactile","success",3545
5.05896570000004,2,"6",3,"auditory","success",3545
7.28216210000005,5,"3",3,"auditory","exFail",3545
4.62655870000003,2,"2",3,"auditory","success",3545
5.68775189999997,3,"7",3,"auditory","success",3545
5.45450610000012,3,"9",3,"auditory","success",3545
3.66718730000002,2,"8",3,"auditory","success",3545
7.12854719999996,3,"1",3,"auditory","success",3545
4.17022369999995,2,"4",3,"auditory","success",3545
6.65000729999997,3,"rep_3",3,"auditory","success",3545
20,2,"1",1,"auditory","fail",3558
19.1469921999999,1,"4",1,"auditory","exFail",3558
9.0981890999999,2,"2",1,"auditory","fail",3558
11.3432048999998,2,"8",1,"auditory","success",3558
7.47131469999999,2,"6",1,"auditory","fail",3558
7.06032929999992,3,"7",1,"auditory","success",3558
7.26288460000001,3,"3",1,"auditory","exFail",3558
6.6369717,3,"9",1,"auditory","success",3558
4.87396599999988,2,"rep_4",1,"auditory","success",3558
6.15770500000008,3,"rep_3",1,"auditory","success",3558
5.62335039999994,2,"6",1,"tactile","success",3558
5.97250699999995,3,"1",1,"tactile","success",3558
5.5141157999999,3,"3",1,"tactile","success",3558
5.01950820000002,3,"9",1,"tactile","success",3558
4.05503210000006,3,"7",1,"tactile","success",3558
3.13762619999989,2,"8",1,"tactile","success",3558
5.71885320000001,2,"2",1,"tactile","success",3558
5.0706189,3,"4",1,"tactile","exFail",3558
3.47881170000005,2,"rep_4",1,"tactile","success",3558
5.9495131000001,3,"1",2,"auditory","success",3558
3.14444869999988,2,"8",2,"auditory","success",3558
3.06495840000002,2,"4",2,"auditory","success",3558
4.30872799999997,4,"7",2,"auditory","success",3558
4.49786479999989,3,"3",2,"auditory","success",3558
3.42076469999984,2,"2",2,"auditory","success",3558
3.05658709999989,2,"6",2,"auditory","success",3558
3.9078184,3,"9",2,"auditory","success",3558
4.05854520000003,1,"3",2,"tactile","exFail",3558
3.42980920000014,1,"8",2,"tactile","exFail",3558
4.42473700000005,2,"2",2,"tactile","success",3558
4.20780149999996,3,"9",2,"tactile","success",3558
4.07207500000004,3,"1",2,"tactile","success",3558
3.39959820000013,2,"6",2,"tactile","success",3558
2.8830074,2,"4",2,"tactile","success",3558
3.46277039999995,3,"7",2,"tactile","success",3558
4.10279700000001,3,"rep_3",2,"tactile","success",3558
2.65513460000011,2,"rep_8",2,"tactile","success",3558
3.4954753999998,2,"6",3,"auditory","success",3558
3.70545579999998,3,"9",3,"auditory","success",3558
3.66282410000008,3,"1",3,"auditory","success",3558
3.00357299999996,2,"4",3,"auditory","success",3558
3.33019310000009,2,"2",3,"auditory","success",3558
2.58863170000018,2,"8",3,"auditory","success",3558
3.75440179999987,3,"7",3,"auditory","success",3558
3.88400320000005,3,"3",3,"auditory","success",3558
2.69321179999997,2,"4",3,"tactile","success",3558
2.99430419999999,2,"6",3,"tactile","success",3558
2.57442880000008,2,"8",3,"tactile","success",3558
4.38258970000015,3,"1",3,"tactile","success",3558
3.62050859999999,3,"9",3,"tactile","success",3558
3.55757889999995,2,"2",3,"tactile","success",3558
4.22008099999994,3,"3",3,"tactile","success",3558
3.11965729999997,3,"7",3,"tactile","success",3558
18.4462020000001,2,"9",1,"tactile","fail",4165
19.8586898999999,2,"2",1,"tactile","success",4165
7.78345990000003,2,"6",1,"tactile","success",4165
6.79620730000011,2,"4",1,"tactile","success",4165
5.26814880000006,2,"8",1,"tactile","success",4165
7.75184719999993,3,"7",1,"tactile","success",4165
7.77107380000007,3,"3",1,"tactile","success",4165
8.23386770000002,3,"1",1,"tactile","success",4165
6.44353530000012,2,"2",1,"auditory","success",4165
5.71880209999995,3,"9",1,"auditory","success",4165
3.78525220000006,2,"8",1,"auditory","success",4165
6.08801210000001,3,"1",1,"auditory","success",4165
6.53433719999998,3,"3",1,"auditory","success",4165
4.22765499999991,2,"4",1,"auditory","success",4165
4.9145939,3,"7",1,"auditory","success",4165
3.89479659999984,2,"6",1,"auditory","success",4165
7.21974159999991,3,"9",2,"tactile","success",4165
5.33689099999992,2,"4",2,"tactile","success",4165
6.83248889999982,3,"1",2,"tactile","success",4165
3.59206229999995,2,"8",2,"tactile","success",4165
0.434740099999999,1,"3",2,"tactile","exFail",4165
3.71724139999992,2,"2",2,"tactile","success",4165
3.84702330000005,2,"6",2,"tactile","success",4165
5.4444489,3,"7",2,"tactile","success",4165
7.57634800000005,3,"rep_3",1,"tactile","success",4165
6.16342000000009,3,"3",2,"auditory","success",4165
4.44610060000014,3,"9",2,"auditory","success",4165
3.13998880000008,2,"6",2,"auditory","success",4165
3.48943409999993,2,"4",2,"auditory","success",4165
3.1588835,2,"8",2,"auditory","success",4165
4.83449640000003,3,"1",2,"auditory","success",4165
4.152423,3,"7",2,"auditory","success",4165
0.732263200000034,1,"2",2,"auditory","exFail",4165
3.07243440000002,2,"rep_2",2,"auditory","success",4165
4.82825600000001,2,"8",3,"tactile","success",4165
3.55033409999987,2,"3",3,"tactile","fail",4165
4.27613410000004,3,"7",3,"tactile","success",4165
5.37778279999998,2,"2",3,"tactile","success",4165
4.0995362000001,3,"9",3,"tactile","success",4165
4.3703601000002,3,"1",3,"tactile","success",4165
3.23378090000006,2,"6",3,"tactile","success",4165
2.91771390000008,2,"4",3,"tactile","success",4165
4.67248249999989,3,"9",3,"auditory","success",4165
3.06452760000002,2,"4",3,"auditory","success",4165
2.88060759999985,2,"6",3,"auditory","success",4165
3.71009519999984,3,"7",3,"auditory","success",4165
2.839201,2,"2",3,"auditory","success",4165
2.94155959999989,2,"8",3,"auditory","success",4165
4.29380949999995,3,"3",3,"auditory","success",4165
4.70680829999992,3,"1",3,"auditory","success",4165
8.25251600000001,2,"8",1,"tactile","success",4321
11.6351288999999,3,"6",1,"tactile","success",4321
11.0873572,3,"1",1,"tactile","success",4321
9.70915890000015,3,"9",1,"tactile","success",4321
8.09125229999995,3,"7",1,"tactile","success",4321
5.06093129999999,3,"3",1,"tactile","success",4321
5.93003849999991,3,"4",1,"tactile","fail",4321
5.23239990000002,2,"2",1,"tactile","success",4321
4.44796279999991,2,"2",1,"auditory","success",4321
4.74477690000003,3,"7",1,"auditory","success",4321
3.06086019999998,2,"8",1,"auditory","success",4321
4.59310630000004,3,"6",1,"auditory","success",4321
4.61220670000012,3,"9",1,"auditory","success",4321
4.37668460000009,2,"4",1,"auditory","success",4321
4.65779429999998,3,"1",1,"auditory","success",4321
5.7961444,4,"3",1,"auditory","success",4321
4.52526469999998,3,"1",2,"tactile","success",4321
9.33397459999992,4,"3",2,"tactile","success",4321
5.00693260000003,3,"9",2,"tactile","success",4321
4.21134630000006,2,"4",2,"tactile","success",4321
3.79885219999983,2,"2",2,"tactile","success",4321
12.2764786,4,"6",2,"tactile","success",4321
3.52184729999999,2,"8",2,"tactile","success",4321
4.40146660000005,3,"7",2,"tactile","success",4321
4.96102240000005,3,"1",2,"auditory","success",4321
3.12745749999999,2,"2",2,"auditory","success",4321
3.42862409999998,2,"6",2,"auditory","success",4321
5.12113039999986,4,"3",2,"auditory","success",4321
3.18316909999999,2,"8",2,"auditory","success",4321
3.80652710000004,2,"4",2,"auditory","success",4321
4.26627139999982,3,"9",2,"auditory","success",4321
4.34796959999994,3,"7",2,"auditory","success",4321
4.47422330000018,3,"3",3,"tactile","success",4321
2.66622820000021,2,"8",3,"tactile","success",4321
4.24583570000004,3,"1",3,"tactile","success",4321
3.54440629999999,3,"7",3,"tactile","success",4321
3.29122189999998,2,"6",3,"tactile","success",4321
3.01467139999977,2,"2",3,"tactile","success",4321
3.26812380000001,2,"4",3,"tactile","success",4321
8.10083060000034,5,"9",3,"tactile","success",4321
5.05509080000002,3,"3",3,"auditory","success",4321
5.15247970000019,4,"9",3,"auditory","success",4321
6.0313444999997,3,"1",3,"auditory","success",4321
5.30846639999982,3,"7",3,"auditory","success",4321
4.49814969999989,2,"8",3,"auditory","success",4321
3.8278991000002,2,"2",3,"auditory","success",4321
3.91066099999989,2,"4",3,"auditory","success",4321
4.16762199999994,3,"6",3,"auditory","success",4321
16.0078021,2,"8",1,"tactile","success",4551
13.7763728,2,"6",1,"tactile","success",4551
13.4796648,3,"9",1,"tactile","success",4551
12.9324743000001,3,"1",1,"tactile","success",4551
9.16176329999996,2,"2",1,"tactile","success",4551
8.94154060000005,3,"7",1,"tactile","success",4551
6.21694219999995,2,"4",1,"tactile","success",4551
10.7479487000001,3,"3",1,"tactile","success",4551
6.55388259999995,2,"6",1,"auditory","success",4551
10.2068583,3,"1",1,"auditory","success",4551
5.95462590000011,2,"4",1,"auditory","success",4551
8.59045949999995,3,"3",1,"auditory","success",4551
5.59490389999996,2,"8",1,"auditory","success",4551
7.4543771000001,3,"7",1,"auditory","success",4551
7.97578220000014,3,"9",1,"auditory","success",4551
7.02041540000005,2,"2",1,"auditory","success",4551
10.7874334999999,3,"1",2,"tactile","success",4551
6.22583090000012,2,"4",2,"tactile","success",4551
6.3994788,2,"6",2,"tactile","success",4551
8.33453950000012,3,"7",2,"tactile","success",4551
9.23889000000008,3,"3",2,"tactile","success",4551
7.46381640000004,3,"9",2,"tactile","success",4551
6.1925427000001,2,"8",2,"tactile","success",4551
8.17770840000003,2,"2",2,"tactile","success",4551
5.31964569999991,2,"4",2,"auditory","success",4551
5.55512400000021,2,"8",2,"auditory","success",4551
8.13652490000004,3,"9",2,"auditory","success",4551
5.56128459999991,2,"6",2,"auditory","success",4551
7.83348649999994,3,"7",2,"auditory","success",4551
9.1444676000001,3,"1",2,"auditory","success",4551
6.13453009999989,2,"2",2,"auditory","success",4551
8.41895790000012,3,"3",2,"auditory","success",4551
9.08757960000003,3,"9",3,"tactile","success",4551
6.08798949999982,2,"6",3,"tactile","success",4551
8.55312989999993,3,"3",3,"tactile","success",4551
5.39520040000002,2,"8",3,"tactile","success",4551
5.099512,2,"4",3,"tactile","success",4551
9.84917999999993,3,"1",3,"tactile","success",4551
9.5837947,3,"7",3,"tactile","success",4551
6.22276000000011,2,"2",3,"tactile","success",4551
5.75991750000003,2,"6",3,"auditory","success",4551
6.59572000000003,2,"2",3,"auditory","success",4551
6.9969329999999,3,"7",3,"auditory","success",4551
8.10235490000014,3,"1",3,"auditory","success",4551
4.59139269999991,2,"8",3,"auditory","success",4551
8.07948280000005,3,"3",3,"auditory","success",4551
5.22253780000005,2,"4",3,"auditory","success",4551
7.2890281,3,"9",3,"auditory","success",4551
17.2227892999999,4,"1",1,"tactile","success",5102
10.9051021,3,"9",1,"tactile","success",5102
7.21911610000006,2,"4",1,"tactile","success",5102
8.15742309999996,2,"2",1,"tactile","success",5102
7.91748129999996,3,"7",1,"tactile","success",5102
4.50129909999987,2,"8",1,"tactile","success",5102
5.76692230000003,2,"6",1,"tactile","success",5102
9.59028480000006,3,"3",1,"tactile","success",5102
7.64032900000007,3,"9",1,"auditory","exFail",5102
8.29383370000005,3,"3",1,"auditory","success",5102
5.41023649999988,2,"6",1,"auditory","success",5102
4.59407080000005,2,"8",1,"auditory","success",5102
8.10925640000005,3,"1",1,"auditory","success",5102
6.0771737,2,"4",1,"auditory","success",5102
4.93438519999995,2,"2",1,"auditory","success",5102
6.93468780000012,3,"7",1,"auditory","exFail",5102
5.94914760000006,3,"rep_9",1,"auditory","success",5102
5.4261876999999,3,"rep_7",1,"auditory","success",5102
7.48089259999983,3,"9",2,"tactile","exFail",5102
1.80472290000012,1,"1",2,"tactile","exFail",5102
5.03006389999996,2,"2",2,"tactile","success",5102
5.33003280000003,2,"6",2,"tactile","success",5102
4.35489729999995,2,"8",2,"tactile","success",5102
6.65543610000009,3,"3",2,"tactile","success",5102
4.43894619999992,2,"4",2,"tactile","success",5102
5.45118100000013,3,"7",2,"tactile","success",5102
6.16057649999993,3,"rep_9",2,"tactile","exFail",5102
6.90451179999991,3,"rep_1",2,"tactile","success",5102
6.31760269999995,3,"rep_9",2,"tactile","exFail",5102
6.46783830000004,3,"rep_9",2,"tactile","success",5102
4.04592669999988,1,"9",2,"auditory","exFail",5102
3.91539239999997,2,"8",2,"auditory","success",5102
4.40087650000009,2,"2",2,"auditory","success",5102
4.83454329999995,2,"4",2,"auditory","success",5102
6.83350079999991,4,"7",2,"auditory","success",5102
4.1477046,2,"6",2,"auditory","success",5102
6.61038280000002,3,"3",2,"auditory","success",5102
6.7031065000001,3,"1",2,"auditory","success",5102
6.44414870000014,3,"rep_9",2,"auditory","exFail",5102
7.49893279999992,3,"rep_9",2,"auditory","fail",5102
7.74843600000008,4,"9",3,"tactile","success",5102
5.00807680000003,2,"2",3,"tactile","success",5102
6.84093170000006,3,"1",3,"tactile","success",5102
4.13464599999998,2,"8",3,"tactile","success",5102
6.68877559999987,3,"3",3,"tactile","success",5102
4.60898830000019,2,"6",3,"tactile","success",5102
4.0603215000001,2,"4",3,"tactile","success",5102
4.57120209999994,3,"7",3,"tactile","success",5102
6.30422350000003,3,"3",3,"auditory","success",5102
4.39525649999996,2,"2",3,"auditory","success",5102
3.34700900000007,2,"8",3,"auditory","success",5102
6.22133900000017,4,"7",3,"auditory","success",5102
4.50584440000011,2,"4",3,"auditory","success",5102
5.84554889999981,3,"9",3,"auditory","success",5102
4.35999289999995,2,"6",3,"auditory","success",5102
6.33032990000015,3,"1",3,"auditory","success",5102
14.6939191,3,"7",1,"tactile","success",5257
12.7538687,4,"1",1,"tactile","success",5257
17.4130041,4,"6",1,"tactile","success",5257
20,5,"3",1,"tactile","fail",5257
5.32773099999997,2,"8",1,"tactile","success",5257
12.515679,4,"9",1,"tactile","success",5257
6.95904949999999,2,"4",1,"tactile","success",5257
7.68042969999999,2,"2",1,"tactile","success",5257
3.12875679999991,2,"8",1,"auditory","success",5257
5.73812969999994,3,"7",1,"auditory","success",5257
4.71072500000014,2,"2",1,"auditory","success",5257
6.96669840000004,3,"1",1,"auditory","success",5257
6.87923660000001,3,"3",1,"auditory","success",5257
5.15522919999989,2,"6",1,"auditory","success",5257
4.60547929999984,2,"4",1,"auditory","success",5257
8.99252969999998,3,"9",1,"auditory","exFail",5257
7.53220610000017,3,"rep_9",1,"auditory","success",5257
9.05831400000011,3,"7",2,"tactile","success",5257
10.5168552,4,"3",2,"tactile","exFail",5257
6.59145809999995,2,"2",2,"tactile","success",5257
6.05277940000019,2,"4",2,"tactile","success",5257
5.04683490000002,2,"8",2,"tactile","success",5257
5.69355010000004,2,"6",2,"tactile","success",5257
13.6241161,5,"9",2,"tactile","success",5257
8.60520919999999,3,"1",2,"tactile","success",5257
13.4974913000001,5,"rep_3",2,"tactile","success",5257
7.73637110000004,3,"3",2,"auditory","success",5257
4.75575600000002,2,"4",2,"auditory","success",5257
6.51039179999998,3,"7",2,"auditory","success",5257
5.33819519999997,2,"2",2,"auditory","success",5257
4.38786660000005,2,"8",2,"auditory","success",5257
8.24991760000012,3,"9",2,"auditory","success",5257
6.40848800000003,3,"1",2,"auditory","success",5257
5.12631510000006,2,"6",2,"auditory","success",5257
5.92613000000006,2,"4",3,"tactile","success",5257
9.45321580000018,4,"6",3,"tactile","success",5257
8.85493420000012,4,"9",3,"tactile","success",5257
6.37336160000018,3,"7",3,"tactile","success",5257
6.18827150000016,2,"2",3,"tactile","success",5257
12.5485659000001,4,"3",3,"tactile","success",5257
7.02107249999995,3,"1",3,"tactile","success",5257
4.86978109999995,2,"8",3,"tactile","success",5257
4.8978239999999,2,"4",3,"auditory","success",5257
4.58228959999997,2,"6",3,"auditory","success",5257
6.0769001000001,3,"1",3,"auditory","success",5257
6.86678039999993,3,"9",3,"auditory","success",5257
4.40482059999999,2,"2",3,"auditory","success",5257
4.50955550000003,2,"8",3,"auditory","success",5257
5.620766,3,"7",3,"auditory","success",5257
5.92706629999998,3,"3",3,"auditory","success",5257
9.74612810000008,3,"7",1,"tactile","success",6047
10.7350877,4,"1",1,"tactile","success",6047
5.54181949999997,2,"2",1,"tactile","success",6047
3.78828659999999,2,"6",1,"tactile","success",6047
4.94998810000004,3,"3",1,"tactile","success",6047
4.53812830000004,3,"9",1,"tactile","success",6047
3.34572600000001,2,"8",1,"tactile","success",6047
3.62434429999996,2,"4",1,"tactile","success",6047
5.05147030000001,3,"7",1,"auditory","success",6047
2.89553149999995,2,"8",1,"auditory","success",6047
2.9479505999999,2,"6",1,"auditory","success",6047
4.77316910000002,3,"1",1,"auditory","success",6047
4.60173630000008,3,"9",1,"auditory","success",6047
3.56131790000006,2,"4",1,"auditory","success",6047
4.38991759999999,2,"2",1,"auditory","success",6047
4.98297609999997,3,"3",1,"auditory","success",6047
5.88428899999997,3,"3",2,"tactile","success",6047
3.74793289999991,2,"2",2,"tactile","success",6047
2.90052580000008,2,"6",2,"tactile","success",6047
3.04638620000003,2,"4",2,"tactile","success",6047
3.45942170000012,3,"7",2,"tactile","success",6047
3.79106810000007,3,"9",2,"tactile","success",6047
2.75546660000009,2,"8",2,"tactile","success",6047
4.96860790000005,3,"1",2,"tactile","success",6047
3.06512730000009,2,"4",2,"auditory","success",6047
4.38396749999993,3,"3",2,"auditory","success",6047
3.70081490000007,3,"9",2,"auditory","success",6047
4.23176150000018,3,"7",2,"auditory","success",6047
3.89509150000004,2,"2",2,"auditory","success",6047
4.34040950000008,3,"1",2,"auditory","success",6047
2.53668930000003,2,"8",2,"auditory","success",6047
2.90526619999991,2,"6",2,"auditory","success",6047
3.04018830000018,2,"8",3,"tactile","success",6047
2.56431670000006,2,"4",3,"tactile","success",6047
3.25620159999994,3,"7",3,"tactile","success",6047
3.96512430000007,3,"3",3,"tactile","success",6047
2.55991590000008,2,"6",3,"tactile","success",6047
3.50247219999983,2,"2",3,"tactile","success",6047
3.5761559,3,"9",3,"tactile","success",6047
4.40922860000001,3,"1",3,"tactile","success",6047
20,4,"7",1,"tactile","fail",6308
13.9523657999998,2,"2",1,"tactile","success",6308
5.9317160999999,2,"8",1,"tactile","success",6308
9.09496090000016,2,"4",1,"tactile","success",6308
10.9714615999999,4,"1",1,"tactile","success",6308
8.53842550000013,3,"3",1,"tactile","success",6308
5.6848250999999,3,"9",1,"tactile","success",6308
3.60440569999992,2,"6",1,"tactile","success",6308
3.62004089999982,2,"8",1,"auditory","success",6308
5.21915190000004,3,"1",1,"auditory","success",6308
5.06126530000006,3,"3",1,"auditory","success",6308
3.3836194999999,2,"2",1,"auditory","success",6308
3.51618389999999,2,"6",1,"auditory","success",6308
4.75351799999999,3,"7",1,"auditory","success",6308
3.51746789999993,2,"4",1,"auditory","success",6308
4.06573580000008,3,"9",1,"auditory","success",6308
3.17165920000002,2,"6",2,"tactile","success",6308
3.93787220000013,3,"9",2,"tactile","success",6308
3.21335710000017,3,"7",2,"tactile","success",6308
2.4486417999999,2,"8",2,"tactile","success",6308
5.40146290000007,4,"1",2,"tactile","success",6308
2.84932549999985,2,"4",2,"tactile","success",6308
4.77019079999991,3,"3",2,"tactile","success",6308
3.30676229999972,2,"2",2,"tactile","success",6308
4.29504069999984,3,"1",2,"auditory","success",6308
3.6841316,3,"9",2,"auditory","success",6308
2.91679090000025,2,"4",2,"auditory","success",6308
5.0312684999999,4,"7",2,"auditory","success",6308
3.08398450000004,2,"6",2,"auditory","success",6308
2.7892882000001,2,"8",2,"auditory","success",6308
3.03626759999997,2,"2",2,"auditory","success",6308
3.81381090000014,3,"3",2,"auditory","success",6308
3.26144359999989,2,"6",3,"tactile","success",6308
3.9387357999999,3,"3",3,"tactile","success",6308
3.24121930000001,3,"9",3,"tactile","success",6308
2.83716619999996,2,"4",3,"tactile","success",6308
2.62720029999991,2,"8",3,"tactile","success",6308
3.06257659999983,2,"2",3,"tactile","success",6308
4.80903100000023,3,"1",3,"tactile","success",6308
3.26811730000009,3,"7",3,"tactile","success",6308
3.03393599999981,2,"2",3,"auditory","success",6308
4.2650851999997,3,"9",3,"auditory","success",6308
3.41056419999995,2,"6",3,"auditory","success",6308
3.77191459999995,3,"1",3,"auditory","success",6308
4.57128220000004,3,"3",3,"auditory","success",6308
4.28779209999993,3,"7",3,"auditory","success",6308
3.80276630000026,2,"4",3,"auditory","success",6308
3.07822759999999,2,"8",3,"auditory","success",6308
5.22047590000011,2,"4",1,"tactile","success",6553
11.1636676999999,4,"9",1,"tactile","success",6553
6.07124180000005,3,"7",1,"tactile","success",6553
20,5,"1",1,"tactile","fail",6553
11.3990578,3,"3",1,"tactile","success",6553
4.35174619999998,2,"2",1,"tactile","success",6553
12.1471091999999,4,"6",1,"tactile","success",6553
3.28662420000001,2,"8",1,"tactile","success",6553
3.99162479999995,2,"2",1,"auditory","success",6553
4.72900540000001,3,"1",1,"auditory","success",6553
4.33378790000006,3,"3",1,"auditory","success",6553
2.74938029999998,2,"8",1,"auditory","success",6553
2.91982159999998,2,"4",1,"auditory","success",6553
3.97483299999999,3,"9",1,"auditory","success",6553
3.42039169999998,3,"7",1,"auditory","success",6553
2.74807540000006,2,"6",1,"auditory","success",6553
3.35518339999999,2,"2",2,"tactile","success",6553
3.31204170000001,2,"4",2,"tactile","success",6553
2.36703699999998,2,"8",2,"tactile","success",6553
5.6954338999999,4,"9",2,"tactile","success",6553
3.35085950000007,2,"6",2,"tactile","success",6553
8.71421910000004,4,"1",2,"tactile","success",6553
3.77631900000006,2,"7",2,"tactile","success",6553
7.84612879999986,3,"3",2,"tactile","success",6553
3.34536320000007,2,"2",2,"auditory","success",6553
2.75648589999992,2,"6",2,"auditory","success",6553
4.57353969999986,3,"3",2,"auditory","success",6553
3.73662420000005,3,"9",2,"auditory","success",6553
2.7934494000001,2,"4",2,"auditory","success",6553
2.43087930000002,2,"8",2,"auditory","success",6553
3.61736859999996,3,"1",2,"auditory","success",6553
3.46061420000001,3,"7",2,"auditory","success",6553
2.73551120000002,2,"6",3,"tactile","success",6553
2.37965459999987,2,"8",3,"tactile","success",6553
10.6102714000001,5,"1",3,"tactile","success",6553
3.92439760000025,3,"9",3,"tactile","success",6553
6.01749800000016,3,"4",3,"tactile","success",6553
3.81925699999965,3,"7",3,"tactile","success",6553
5.02258120000033,3,"3",3,"tactile","success",6553
3.95875300000034,2,"2",3,"tactile","success",6553
3.5581457000003,3,"9",3,"auditory","success",6553
2.99008840000033,2,"2",3,"auditory","success",6553
2.70701380000037,2,"6",3,"auditory","success",6553
4.3650219000001,3,"3",3,"auditory","success",6553
3.3375331000002,3,"7",3,"auditory","success",6553
4.98055419999991,3,"1",3,"auditory","success",6553
2.20069429999967,2,"8",3,"auditory","exFail",6553
2.92439960000002,2,"4",3,"auditory","success",6553
2.55226660000017,2,"rep_8",3,"auditory","success",6553
20,5,"1",1,"tactile","fail",6872
2.15986240000007,1,"6",1,"tactile","exFail",6872
9.89433540000005,2,"8",1,"tactile","success",6872
9.76123779999989,3,"7",1,"tactile","success",6872
7.01617909999982,2,"4",1,"tactile","success",6872
15.1308593000001,3,"3",1,"tactile","success",6872
8.10017739999989,2,"2",1,"tactile","success",6872
10.9744275,3,"9",1,"tactile","success",6872
7.57103710000001,2,"rep_6",1,"tactile","success",6872
8.30871390000016,2,"2",1,"auditory","success",6872
10.4283114999998,3,"1",1,"auditory","success",6872
5.05305989999988,2,"8",1,"auditory","success",6872
7.63504699999999,3,"7",1,"auditory","success",6872
6.15018039999995,2,"4",1,"auditory","success",6872
9.8416487999998,3,"3",1,"auditory","success",6872
8.77353710000011,3,"9",1,"auditory","success",6872
6.39780420000011,2,"6",1,"auditory","success",6872
6.03686290000019,2,"2",2,"tactile","success",6872
9.0849518,3,"3",2,"tactile","success",6872
4.65193439999985,2,"8",2,"tactile","success",6872
9.57225569999991,3,"1",2,"tactile","success",6872
8.18419300000005,3,"9",2,"tactile","success",6872
6.48250780000012,3,"7",2,"tactile","success",6872
4.48671979999995,2,"6",2,"tactile","success",6872
10.0722350000001,7,"4",2,"tactile","exFail",6872
4.76466660000006,2,"rep_4",2,"tactile","success",6872
5.01231209999992,2,"4",2,"auditory","success",6872
6.02975489999994,2,"2",2,"auditory","success",6872
6.24152509999999,3,"7",2,"auditory","success",6872
7.62687389999996,3,"1",2,"auditory","success",6872
8.65262269999994,3,"9",2,"auditory","success",6872
5.38519480000014,2,"6",2,"auditory","success",6872
7.77348710000001,3,"3",2,"auditory","success",6872
4.07244700000001,2,"8",2,"auditory","success",6872
7.47946609999985,3,"9",3,"tactile","success",6872
8.78888209999991,3,"3",3,"tactile","success",6872
8.23843710000006,3,"1",3,"tactile","success",6872
5.88576149999994,3,"7",3,"tactile","success",6872
5.14652609999985,2,"6",3,"tactile","success",6872
3.84744550000005,2,"8",3,"tactile","success",6872
4.05856319999998,2,"4",3,"tactile","success",6872
5.56418049999979,2,"2",3,"tactile","success",6872
4.62271969999983,2,"6",3,"auditory","success",6872
3.51725250000004,2,"8",3,"auditory","success",6872
4.97330750000015,3,"7",3,"auditory","success",6872
6.25829079999994,3,"3",3,"auditory","success",6872
3.83374439999989,2,"4",3,"auditory","success",6872
4.26091689999998,2,"2",3,"auditory","success",6872
5.55821480000009,3,"9",3,"auditory","success",6872
7.57336669999995,4,"1",3,"auditory","success",6872
12.5196894999999,3,"3",1,"auditory","success",7193
7.02787089999993,3,"7",1,"auditory","success",7193
5.98926869999991,2,"2",1,"auditory","success",7193
5.67420250000009,3,"1",1,"auditory","success",7193
3.6487932,2,"4",1,"auditory","success",7193
3.64682560000006,2,"8",1,"auditory","success",7193
3.56965319999995,2,"6",1,"auditory","success",7193
4.33590090000007,3,"9",1,"auditory","success",7193
3.01266839999994,2,"6",1,"tactile","success",7193
4.09052990000009,2,"2",1,"tactile","success",7193
20,7,"4",1,"tactile","fail",7193
1.00544769999988,1,"8",1,"tactile","exFail",7193
8.14376829999992,3,"1",1,"tactile","success",7193
4.85017370000014,3,"7",1,"tactile","success",7193
5.76051119999988,3,"3",1,"tactile","success",7193
4.59601889999999,3,"9",1,"tactile","success",7193
3.2223864,2,"rep_8",1,"tactile","success",7193
5.0959170000001,3,"3",2,"auditory","success",7193
4.04219390000003,3,"1",2,"auditory","success",7193
3.03796539999985,2,"4",2,"auditory","success",7193
3.43229539999993,2,"2",2,"auditory","success",7193
3.20402399999989,2,"8",2,"auditory","success",7193
3.2272516999999,2,"6",2,"auditory","success",7193
4.33825899999988,3,"9",2,"auditory","success",7193
3.87519109999994,3,"7",2,"auditory","success",7193
3.44961200000012,2,"4",2,"tactile","success",7193
4.54676199999994,3,"1",2,"tactile","success",7193
3.11236759999997,2,"6",2,"tactile","success",7193
3.87656129999982,2,"2",2,"tactile","success",7193
3.6264122,3,"7",2,"tactile","success",7193
5.2115652,3,"3",2,"tactile","success",7193
4.19967859999997,3,"9",2,"tactile","success",7193
2.99921659999995,2,"8",2,"tactile","success",7193
3.73658660000001,2,"2",3,"auditory","success",7193
4.49890159999995,4,"9",3,"auditory","success",7193
2.65598960000011,2,"8",3,"auditory","success",7193
3.69135469999992,3,"7",3,"auditory","success",7193
4.1486632000001,3,"1",3,"auditory","success",7193
5.42640809999989,2,"4",3,"auditory","success",7193
2.84332559999984,2,"6",3,"auditory","success",7193
4.40126630000009,3,"3",3,"auditory","success",7193
3.81163430000015,3,"9",3,"tactile","success",7193
3.01892380000004,2,"4",3,"tactile","success",7193
4.50039820000006,3,"1",3,"tactile","success",7193
4.76380180000001,3,"3",3,"tactile","success",7193
2.72707680000008,2,"6",3,"tactile","success",7193
3.20093109999993,2,"2",3,"tactile","success",7193
3.58416550000015,3,"7",3,"tactile","success",7193
2.23745529999997,2,"8",3,"tactile","success",7193
8.9354358999999,2,"6",1,"auditory","success",7798
6.64714189999995,2,"2",1,"auditory","success",7798
8.03574400000002,3,"1",1,"auditory","success",7798
5.54442779999999,3,"3",1,"auditory","success",7798
4.90495299999998,3,"7",1,"auditory","success",7798
4.05403369999999,2,"8",1,"auditory","success",7798
3.83588280000004,2,"4",1,"auditory","success",7798
5.24958979999997,3,"9",1,"auditory","success",7798
5.71211519999997,3,"9",1,"tactile","success",7798
12.9895670999999,5,"3",1,"tactile","success",7798
3.98261649999995,2,"4",1,"tactile","success",7798
4.76326770000014,2,"6",1,"tactile","success",7798
5.34781109999994,3,"7",1,"tactile","success",7798
7.96450789999994,4,"1",1,"tactile","success",7798
3.63046880000002,2,"8",1,"tactile","success",7798
4.36496349999993,2,"2",1,"tactile","success",7798
4.63670579999985,2,"2",2,"auditory","success",7798
3.19325430000004,2,"8",2,"auditory","success",7798
3.61431349999998,2,"4",2,"auditory","success",7798
4.94662540000013,3,"9",2,"auditory","success",7798
5.12284270000009,3,"1",2,"auditory","success",7798
5.45184289999997,3,"3",2,"auditory","success",7798
5.03337460000012,3,"7",2,"auditory","success",7798
3.83329979999985,2,"6",2,"auditory","success",7798
3.67112970000017,2,"4",2,"tactile","success",7798
5.01694129999987,3,"9",2,"tactile","success",7798
2.98345029999996,2,"8",2,"tactile","success",7798
3.87319259999981,2,"6",2,"tactile","success",7798
6.84310589999995,3,"1",2,"tactile","success",7798
3.94097889999989,2,"2",2,"tactile","success",7798
6.81418529999996,5,"7",2,"tactile","success",7798
5.94941410000001,3,"3",2,"tactile","success",7798
4.61005260000002,3,"9",3,"auditory","success",7798
4.22815900000001,3,"7",3,"auditory","success",7798
3.95997510000007,2,"2",3,"auditory","success",7798
4.13621330000001,2,"6",3,"auditory","success",7798
5.47711290000007,3,"3",3,"auditory","success",7798
5.04100010000002,3,"1",3,"auditory","success",7798
5.5098845,2,"4",3,"auditory","success",7798
2.85376960000008,2,"8",3,"auditory","success",7798
4.00570889999995,3,"9",3,"tactile","success",7798
2.88662420000014,2,"8",3,"tactile","success",7798
4.78293740000004,3,"3",3,"tactile","success",7798
5.1936681000002,3,"1",3,"tactile","success",7798
4.84029289999989,3,"7",3,"tactile","success",7798
3.65397549999989,2,"6",3,"tactile","success",7798
3.74467449999997,2,"4",3,"tactile","success",7798
3.8663411,2,"2",3,"tactile","success",7798
11.0905083,2,"4",1,"auditory","success",8262
8.91724339999996,3,"3",1,"auditory","success",8262
7.15776879999999,3,"1",1,"auditory","success",8262
3.43009869999992,2,"8",1,"auditory","success",8262
4.23446899999999,2,"6",1,"auditory","success",8262
4.02429690000008,2,"2",1,"auditory","success",8262
4.8332425000001,3,"9",1,"auditory","success",8262
4.61436660000004,3,"7",1,"auditory","success",8262
3.1272985999999,2,"8",1,"tactile","success",8262
5.25576230000001,3,"1",1,"tactile","success",8262
4.43310659999997,2,"4",1,"tactile","success",8262
4.16738140000007,2,"2",1,"tactile","success",8262
3.74112979999995,2,"6",1,"tactile","success",8262
4.71578389999991,3,"7",1,"tactile","success",8262
5.46188200000006,3,"9",1,"tactile","success",8262
6.67119300000013,4,"3",1,"tactile","success",8262
5.63903419999997,3,"3",2,"auditory","success",8262
3.23435900000004,2,"4",2,"auditory","success",8262
3.90057410000009,2,"2",2,"auditory","success",8262
2.72966270000006,2,"8",2,"auditory","success",8262
3.41048720000003,2,"6",2,"auditory","success",8262
4.37650159999998,3,"9",2,"auditory","success",8262
5.07770440000013,3,"1",2,"auditory","success",8262
4.92636790000006,3,"7",2,"auditory","success",8262
5.54380769999989,3,"1",2,"tactile","success",8262
2.68708750000019,2,"8",2,"tactile","success",8262
3.0939292999999,2,"4",2,"tactile","success",8262
5.35101769999983,3,"3",2,"tactile","success",8262
4.24707610000019,3,"7",2,"tactile","success",8262
5.91131920000021,3,"9",2,"tactile","success",8262
3.70468490000007,2,"2",2,"tactile","success",8262
3.75265370000011,2,"6",2,"tactile","success",8262
5.17085350000002,3,"1",3,"auditory","success",8262
2.8260772000001,2,"8",3,"auditory","success",8262
3.27799759999994,2,"4",3,"auditory","success",8262
3.53476070000011,2,"2",3,"auditory","success",8262
4.25812210000004,3,"9",3,"auditory","success",8262
3.27178230000004,2,"6",3,"auditory","success",8262
4.96432389999995,3,"3",3,"auditory","success",8262
4.47774330000016,3,"7",3,"auditory","success",8262
3.6723113999999,2,"6",3,"tactile","success",8262
4.68552650000015,3,"9",3,"tactile","success",8262
4.71872179999991,3,"3",3,"tactile","success",8262
4.06128620000004,3,"7",3,"tactile","success",8262
3.10317569999984,2,"4",3,"tactile","success",8262
5.31901100000005,3,"1",3,"tactile","success",8262
2.64001440000015,2,"8",3,"tactile","success",8262
6.91965679999998,4,"2",3,"tactile","success",8262
13.3054932,4,"7",1,"auditory","success",8318
12.5556999,3,"9",1,"auditory","success",8318
14.8055709999999,3,"3",1,"auditory","exFail",8318
12.2141613000001,4,"1",1,"auditory","success",8318
6.26891279999995,2,"4",1,"auditory","success",8318
6.39054120000014,2,"6",1,"auditory","success",8318
7.6149547,2,"2",1,"auditory","success",8318
5.32122839999988,2,"8",1,"auditory","success",8318
6.34194230000003,2,"rep_3",1,"auditory","exFail",8318
10.4438826000001,3,"rep_3",1,"auditory","success",8318
4.89744799999994,2,"8",1,"tactile","success",8318
5.18857979999984,2,"6",1,"tactile","success",8318
7.56134530000008,3,"9",1,"tactile","success",8318
5.09450820000006,2,"4",1,"tactile","success",8318
8.50090030000001,3,"1",1,"tactile","success",8318
7.10625429999982,4,"7",1,"tactile","success",8318
9.47090630000002,3,"3",1,"tactile","success",8318
6.33962569999994,2,"2",1,"tactile","success",8318
5.85595579999995,4,"7",2,"auditory","success",8318
6.07556780000004,3,"1",2,"auditory","success",8318
5.0814077,2,"4",2,"auditory","success",8318
7.06096359999992,3,"9",2,"auditory","success",8318
7.80552790000002,3,"3",2,"auditory","success",8318
5.00697850000006,2,"6",2,"auditory","success",8318
4.46031500000004,2,"8",2,"auditory","success",8318
6.31834150000009,2,"2",2,"auditory","success",8318
8.38380230000007,4,"1",2,"tactile","success",8318
7.18890730000021,4,"3",2,"tactile","success",8318
5.73622189999992,4,"7",2,"tactile","success",8318
4.37637549999999,2,"4",2,"tactile","success",8318
5.65578049999999,3,"9",2,"tactile","success",8318
5.55611920000001,2,"6",2,"tactile","success",8318
5.91841039999986,2,"2",2,"tactile","success",8318
3.95856200000003,2,"8",2,"tactile","success",8318
5.40446100000008,2,"2",3,"auditory","success",8318
8.26629920000005,3,"1",3,"auditory","success",8318
3.97660309999992,2,"8",3,"auditory","success",8318
6.15378010000018,3,"7",3,"auditory","success",8318
4.48188359999995,2,"4",3,"auditory","success",8318
7.02761979999991,3,"9",3,"auditory","success",8318
6.8918713999999,3,"3",3,"auditory","success",8318
4.7639435000001,2,"6",3,"auditory","success",8318
4.70084469999983,2,"6",3,"tactile","success",8318
6.03018840000004,2,"2",3,"tactile","success",8318
6.22113639999998,4,"7",3,"tactile","success",8318
4.30058570000006,2,"8",3,"tactile","success",8318
6.61128380000014,3,"3",3,"tactile","success",8318
6.31360749999999,3,"1",3,"tactile","success",8318
4.23551639999982,2,"4",3,"tactile","success",8318
5.29064600000015,3,"9",3,"tactile","success",8318
8.9949572999999,3,"9",1,"auditory","success",8319
6.43142380000018,3,"1",1,"auditory","success",8319
3.96690820000003,2,"2",1,"auditory","success",8319
7.55567069999984,3,"7",1,"auditory","success",8319
3.4943667,2,"6",1,"auditory","success",8319
3.50834699999996,2,"8",1,"auditory","success",8319
4.90512250000006,3,"3",1,"auditory","success",8319
5.36774179999998,2,"4",1,"auditory","success",8319
5.33091549999995,2,"6",1,"tactile","success",8319
4.5002856000001,2,"4",1,"tactile","success",8319
6.23146310000016,3,"3",1,"tactile","success",8319
6.16509470000005,3,"1",1,"tactile","success",8319
4.29233270000009,2,"8",1,"tactile","success",8319
5.84944819999987,3,"9",1,"tactile","success",8319
5.69002300000011,3,"7",1,"tactile","success",8319
4.3309635999999,2,"2",1,"tactile","success",8319
5.36960769999996,2,"4",2,"auditory","success",8319
6.72238190000007,3,"7",2,"auditory","success",8319
6.78318310000009,3,"1",2,"auditory","success",8319
4.53810569999996,2,"6",2,"auditory","success",8319
5.4866834999998,3,"3",2,"auditory","success",8319
4.14027490000012,2,"2",2,"auditory","success",8319
5.2588318999999,3,"9",2,"auditory","success",8319
3.19131390000007,2,"8",2,"auditory","success",8319
7.33831459999988,3,"1",2,"tactile","success",8319
4.36811239999997,2,"4",2,"tactile","success",8319
6.23195989999999,3,"9",2,"tactile","success",8319
3.29039190000003,2,"8",2,"tactile","success",8319
4.90629290000015,2,"6",2,"tactile","success",8319
4.48829039999987,2,"2",2,"tactile","success",8319
5.60116489999996,3,"7",2,"tactile","success",8319
5.6978845000001,3,"3",2,"tactile","success",8319
6.06089040000006,3,"9",3,"auditory","success",8319
4.52262370000017,2,"2",3,"auditory","success",8319
3.3430687,2,"8",3,"auditory","success",8319
6.83209719999991,3,"1",3,"auditory","success",8319
4.66029400000002,2,"4",3,"auditory","success",8319
4.28060060000007,2,"6",3,"auditory","success",8319
5.9709071000002,3,"3",3,"auditory","success",8319
6.28796980000016,3,"7",3,"auditory","success",8319
5.08655629999998,3,"7",3,"tactile","success",8319
3.83163070000001,2,"4",3,"tactile","success",8319
3.86058750000007,2,"6",3,"tactile","success",8319
5.41836379999995,3,"3",3,"tactile","success",8319
5.11807789999989,3,"9",3,"tactile","success",8319
5.45877040000005,2,"2",3,"tactile","success",8319
6.13639580000017,3,"1",3,"tactile","success",8319
3.13781909999989,2,"8",3,"tactile","success",8319
16.5552973000001,2,"8",1,"auditory","success",8367
14.0002391999999,3,"9",1,"auditory","success",8367
16.4852475,3,"3",1,"auditory","success",8367
16.9605524000001,3,"1",1,"auditory","success",8367
15.3472589,2,"2",1,"auditory","success",8367
18.7532574000002,3,"7",1,"auditory","exFail",8367
11.684665,2,"4",1,"auditory","exFail",8367
9.26580250000006,2,"6",1,"auditory","success",8367
13.3443941999999,3,"rep_7",1,"auditory","success",8367
9.89160979999997,2,"rep_4",1,"auditory","success",8367
15.8098812999999,3,"9",1,"tactile","success",8367
9.4726298999999,2,"6",1,"tactile","fail",8367
8.1511258999999,2,"1",1,"tactile","fail",8367
9.26360629999999,3,"7",1,"tactile","success",8367
1.52219730000002,1,"3",1,"tactile","success",8367
6.25600870000017,2,"4",1,"tactile","success",8367
4.46266749999995,2,"8",1,"tactile","exFail",8367
7.38961260000019,2,"2",1,"tactile","success",8367
4.69939619999991,2,"rep_8",1,"tactile","success",8367
9.13221450000015,3,"3",2,"auditory","success",8367
6.55229510000004,2,"4",2,"auditory","success",8367
5.56437669999991,2,"8",2,"auditory","success",8367
10.2015588999998,3,"7",2,"auditory","success",8367
6.45727399999987,2,"6",2,"auditory","success",8367
9.4010667,3,"9",2,"auditory","success",8367
8.9190372999999,3,"1",2,"auditory","success",8367
5.63305550000018,2,"2",2,"auditory","success",8367
7.3630063999999,3,"7",2,"tactile","success",8367
4.48525539999991,2,"8",2,"tactile","success",8367
7.30896589999998,2,"3",2,"tactile","success",8367
9.42336759999989,3,"9",2,"tactile","success",8367
7.98716829999989,2,"6",2,"tactile","success",8367
5.37915069999985,2,"4",2,"tactile","success",8367
8.90417810000008,3,"1",2,"tactile","success",8367
6.48154920000002,2,"2",2,"tactile","success",8367
8.15519949999998,3,"7",3,"auditory","success",8367
5.5224912000001,2,"2",3,"auditory","success",8367
7.08912009999995,3,"1",3,"auditory","success",8367
3.93248249999988,1,"8",3,"auditory","exFail",8367
7.45384910000007,3,"3",3,"auditory","success",8367
6.25747230000002,2,"6",3,"auditory","success",8367
5.19497920000003,2,"4",3,"auditory","success",8367
6.83586339999988,3,"9",3,"auditory","success",8367
4.51402099999996,2,"rep_8",3,"auditory","success",8367
5.3457456000001,2,"4",3,"tactile","success",8367
10.2456341,3,"9",3,"tactile","success",8367
5.96504489999984,3,"6",3,"tactile","exFail",8367
8.25790670000015,3,"7",3,"tactile","success",8367
9.3522190000001,3,"3",3,"tactile","success",8367
5.18819860000008,2,"8",3,"tactile","success",8367
8.19854659999987,3,"1",3,"tactile","success",8367
5.92452409999987,2,"2",3,"tactile","success",8367
5.63273449999997,2,"rep_6",3,"tactile","success",8367
13.3251259000001,2,"4",1,"auditory","success",8542
19.6285934999999,3,"1",1,"auditory","success",8542
13.8481267999998,3,"7",1,"auditory","success",8542
9.2778952000001,2,"8",1,"auditory","success",8542
9.37745619999987,2,"6",1,"auditory","success",8542
13.7409012999999,3,"9",1,"auditory","success",8542
17.5055221,3,"3",1,"auditory","success",8542
14.6580543,2,"2",1,"auditory","success",8542
19.9132665,3,"7",1,"tactile","success",8542
12.2711111000001,3,"4",1,"tactile","success",8542
16.5392819000001,3,"9",1,"tactile","success",8542
20,3,"1",1,"tactile","fail",8542
17.5837263000001,3,"3",1,"tactile","success",8542
12.5052613999999,2,"2",1,"tactile","success",8542
8.54771819999996,2,"8",1,"tactile","success",8542
10.633851,3,"6",1,"tactile","success",8542
7.14164330000017,2,"8",2,"auditory","success",8542
10.1747527,3,"6",2,"auditory","success",8542
10.4621140000002,2,"2",2,"auditory","success",8542
9.87388899999996,3,"4",2,"auditory","success",8542
15.2043908000001,3,"1",2,"auditory","success",8542
12.1950339,3,"7",2,"auditory","success",8542
13.4110441,3,"3",2,"auditory","success",8542
10.3819470000001,3,"9",2,"auditory","success",8542
10.7713781,3,"7",2,"tactile","success",8542
13.1569165000001,3,"3",2,"tactile","success",8542
1.82343539999988,1,"2",2,"tactile","exFail",8542
9.70726430000013,3,"6",2,"tactile","success",8542
16.6690377999998,3,"1",2,"tactile","success",8542
7.2694590000001,2,"8",2,"tactile","success",8542
9.19299520000004,3,"9",2,"tactile","success",8542
7.00960789999999,2,"4",2,"tactile","success",8542
10.178279,2,"rep_2",2,"tactile","success",8542
8.98738849999995,3,"7",3,"auditory","success",8542
9.22471489999998,3,"4",3,"auditory","success",8542
8.95937049999998,2,"2",3,"auditory","success",8542
9.58233359999986,3,"9",3,"auditory","success",8542
12.3014151,3,"3",3,"auditory","success",8542
6.01379410000004,2,"8",3,"auditory","success",8542
14.3244436,3,"1",3,"auditory","success",8542
7.13915170000018,2,"6",3,"auditory","success",8542
12.296505,3,"3",3,"tactile","success",8542
13.4305376,3,"1",3,"tactile","success",8542
5.89719049999985,2,"6",3,"tactile","success",8542
7.34438099999988,2,"4",3,"tactile","success",8542
8.73021369999992,3,"9",3,"tactile","success",8542
4.8175020000001,2,"8",3,"tactile","success",8542
7.7084026,3,"7",3,"tactile","success",8542
8.0489313999999,2,"2",3,"tactile","success",8542
13.5351661,3,"1",1,"auditory","success",9103
8.20039550000001,3,"9",1,"auditory","success",9103
8.83484700000008,3,"3",1,"auditory","success",9103
5.38151369999991,2,"2",1,"auditory","success",9103
4.49305320000008,2,"8",1,"auditory","success",9103
4.4223829,2,"6",1,"auditory","success",9103
4.48756750000007,2,"4",1,"auditory","success",9103
5.9738562,4,"7",1,"auditory","success",9103
5.59091649999982,3,"7",1,"tactile","success",9103
12.1624956999999,4,"4",1,"tactile","success",9103
7.61185119999982,3,"3",1,"tactile","success",9103
4.46337059999996,2,"8",1,"tactile","success",9103
9.85885310000003,4,"6",1,"tactile","success",9103
5.02535220000004,2,"2",1,"tactile","success",9103
14.9178735999999,4,"9",1,"tactile","success",9103
12.8736336999998,5,"1",1,"tactile","success",9103
5.24102860000016,3,"1",2,"auditory","success",9103
5.03013459999988,2,"6",2,"auditory","success",9103
3.70125030000008,2,"8",2,"auditory","success",9103
4.52139549999993,3,"9",2,"auditory","success",9103
5.57400370000005,3,"7",2,"auditory","success",9103
4.2093284,2,"4",2,"auditory","success",9103
4.4151832,2,"2",2,"auditory","success",9103
5.80163199999993,3,"3",2,"auditory","success",9103
6.74682400000006,3,"3",2,"tactile","success",9103
4.9525900000001,2,"6",2,"tactile","success",9103
5.00900339999998,3,"7",2,"tactile","success",9103
6.13361359999999,3,"9",2,"tactile","success",9103
4.42101860000002,2,"8",2,"tactile","success",9103
4.53433399999994,2,"4",2,"tactile","success",9103
5.49111010000001,3,"1",2,"tactile","success",9103
10.341062,4,"2",2,"tactile","success",9103
3.99063169999999,2,"6",3,"auditory","success",9103
3.41940829999999,2,"2",3,"auditory","success",9103
3.95635199999992,2,"8",3,"auditory","success",9103
5.90462350000007,3,"3",3,"auditory","success",9103
4.03002829999991,2,"4",3,"auditory","success",9103
4.80401719999986,3,"1",3,"auditory","success",9103
5.80102690000012,3,"9",3,"auditory","success",9103
4.67170529999999,3,"7",3,"auditory","success",9103
4.62818860000016,3,"7",3,"tactile","success",9103
6.71749650000015,3,"9",3,"tactile","success",9103
5.03824039999995,2,"6",3,"tactile","success",9103
6.37732860000006,3,"1",3,"tactile","success",9103
4.28129320000016,2,"4",3,"tactile","success",9103
6.57964609999999,3,"3",3,"tactile","success",9103
8.74169440000014,4,"2",3,"tactile","success",9103
4.7077111000001,2,"8",3,"tactile","success",9103
13.5169165,2,"6",1,"auditory","exFail",9506
18.5105701,2,"2",1,"auditory","exFail",9506
14.1455853,3,"3",1,"auditory","success",9506
9.66451829999983,3,"9",1,"auditory","success",9506
5.74301990000004,2,"4",1,"auditory","success",9506
10.1386484,3,"1",1,"auditory","success",9506
10.0604286,3,"7",1,"auditory","fail",9506
3.69011670000009,2,"8",1,"auditory","success",9506
4.42165269999987,2,"rep_6",1,"auditory","success",9506
6.22955559999991,2,"rep_2",1,"auditory","success",9506
9.89382509999996,2,"6",1,"tactile","fail",9506
17.0229308999999,4,"3",1,"tactile","success",9506
11.0652266,3,"9",1,"tactile","success",9506
8.08125029999997,2,"4",1,"tactile","fail",9506
5.39442289999988,2,"2",1,"tactile","success",9506
13.0182288999999,4,"1",1,"tactile","fail",9506
18.4710465000001,4,"7",1,"tactile","fail",9506
5.77803340000014,2,"8",1,"tactile","success",9506
12.6982078999999,3,"7",2,"auditory","fail",9506
4.58711280000011,1,"2",2,"auditory","exFail",9506
9.76530720000005,3,"9",2,"auditory","success",9506
11.6090512000001,3,"3",2,"auditory","success",9506
8.14135349999992,2,"4",2,"auditory","success",9506
9.84565040000007,3,"1",2,"auditory","success",9506
5.3103701,2,"8",2,"auditory","success",9506
6.27982040000006,2,"6",2,"auditory","success",9506
6.76800620000017,2,"rep_2",2,"auditory","success",9506
15.2579713999999,3,"3",2,"tactile","success",9506
8.99975619999987,3,"9",2,"tactile","success",9506
9.85294840000006,3,"7",2,"tactile","success",9506
8.99122129999978,2,"4",2,"tactile","success",9506
11.2648469000001,3,"1",2,"tactile","success",9506
6.7021149000002,2,"2",2,"tactile","success",9506
4.43683379999993,2,"8",2,"tactile","success",9506
5.81444899999997,2,"6",2,"tactile","success",9506
7.33708320000005,3,"7",3,"auditory","success",9506
4.66889560000027,2,"6",3,"auditory","success",9506
3.8471341999998,2,"8",3,"auditory","success",9506
8.6243786,3,"3",3,"auditory","success",9506
9.03872450000017,3,"1",3,"auditory","success",9506
6.52924680000024,3,"9",3,"auditory","success",9506
5.13772870000003,2,"2",3,"auditory","success",9506
5.02605380000023,2,"4",3,"auditory","success",9506
9.33654979999983,3,"1",3,"tactile","success",9506
5.55873539999993,2,"2",3,"tactile","success",9506
7.33974469999976,3,"7",3,"tactile","success",9506
8.26732040000024,3,"3",3,"tactile","success",9506
8.39887970000018,2,"6",3,"tactile","success",9506
7.68847520000008,2,"4",3,"tactile","success",9506
8.83461070000021,3,"9",3,"tactile","success",9506
5.23668240000006,2,"8",3,"tactile","success",9506
17.2451308000001,3,"7",1,"auditory","success",9910
8.81964470000003,2,"4",1,"auditory","success",9910
7.61963880000008,2,"6",1,"auditory","success",9910
9.45948769999995,3,"9",1,"auditory","success",9910
10.5860046,3,"3",1,"auditory","success",9910
10.784391,3,"1",1,"auditory","success",9910
4.45694790000005,2,"8",1,"auditory","success",9910
5.66947070000003,2,"2",1,"auditory","success",9910
9.29745409999998,3,"9",1,"tactile","success",9910
10.7565228,3,"1",1,"tactile","success",9910
5.83622160000004,2,"4",1,"tactile","success",9910
6.01620780000007,2,"2",1,"tactile","success",9910
6.38421790000007,3,"7",1,"tactile","success",9910
6.30171289999998,3,"3",1,"tactile","success",9910
4.93048150000004,2,"6",1,"tactile","success",9910
4.70267799999988,2,"8",1,"tactile","success",9910
4.03711249999992,2,"8",2,"auditory","success",9910
4.4344478999999,2,"4",2,"auditory","success",9910
7.08301900000015,3,"3",2,"auditory","success",9910
5.09051210000007,2,"6",2,"auditory","success",9910
7.88662690000001,3,"1",2,"auditory","success",9910
6.94557310000005,3,"9",2,"auditory","success",9910
5.19357669999999,2,"2",2,"auditory","success",9910
5.36659739999982,3,"7",2,"auditory","success",9910
5.42082400000004,2,"2",2,"tactile","success",9910
4.65681180000001,2,"6",2,"tactile","success",9910
6.85340100000008,3,"3",2,"tactile","success",9910
6.98052929999994,3,"1",2,"tactile","success",9910
5.70600830000012,3,"9",2,"tactile","success",9910
3.58973700000001,2,"8",2,"tactile","success",9910
4.35325720000014,2,"7",2,"tactile","success",9910
5.71520179999993,3,"4",2,"tactile","success",9910
3.20686099999989,2,"8",3,"auditory","success",9910
4.83929749999993,3,"9",3,"auditory","success",9910
7.03027680000014,3,"1",3,"auditory","success",9910
6.48691780000013,3,"3",3,"auditory","success",9910
4.10454019999997,2,"2",3,"auditory","success",9910
4.04265980000014,2,"6",3,"auditory","success",9910
4.45148390000008,3,"7",3,"auditory","success",9910
3.73294909999981,2,"4",3,"auditory","success",9910
4.79269919999979,2,"2",3,"tactile","success",9910
6.17946849999998,3,"9",3,"tactile","success",9910
3.63692219999984,2,"4",3,"tactile","success",9910
3.72976299999982,2,"6",3,"tactile","success",9910
5.05852570000002,3,"1",3,"tactile","success",9910
5.61198350000018,3,"3",3,"tactile","success",9910
5.00168680000002,3,"7",3,"tactile","success",9910
3.02972320000003,2,"8",3,"tactile","success",9910
